{
    "fieldStartBits": {
        "ReservedBits": 0,
        "Modules": 8,
        "Classes": 20,
        "IDs": 24
    },
    "classes": {
        "Debug": {
            "id": 0,
            "description": "Debug message for processing information to help during troubleshooting."
        },
        "Info": {
            "id": 1,
            "description": "Useful information to log. No action required."
        },
        "Config": {
            "id": 2,
            "description": "Wrong configuration, values are temporarily out of range. Retries are not useful."
        },
        "Warning": {
            "id": 3,
            "description": "Process should continue, but action should be taken. Retries are possible."
        },
        "Critical": {
            "id": 4,
            "description": "Process could not be finished. Immediate action should be taken. Retries are not possible."
        },
        "Emergency": {
            "id": 5,
            "description": "The system is currently unusable. Current state of system prevents a successful execution of the process and retries are not possible. Retries are only possible when the system state changes, but it is not clear when or if this happens (dynamic error)."
        }
    },
    "modules": {
        "Zero": {
            "id": 0,
            "description": "Reserved for old errorsets and No Error"
        },
        "One": {
            "id": 1,
            "description": "Reserved for old errorsets"
        },
        "Command": {
            "id": 2,
            "description": "Command Module"
        },
        "Macro": {
            "id": 3,
            "description": "Macro Module"
        },
        "Parameter": {
            "id": 4,
            "description": "Parameter Module"
        },
        "Motion": {
            "id": 5,
            "description": "Motion Module"
        },
        "DataRecorder": {
            "id": 6,
            "description": "Data Recorder Module"
        },
        "Sensor": {
            "id": 7,
            "description": "Sensor Module"
        },
        "Com": {
            "id": 8,
            "description": "Com Module"
        },
        "System": {
            "id": 9,
            "description": "System Module"
        }
    },
    "comments": {
        "_comment_a": " ################################################################################ ",
        "_comment_b": "   ErrorIDs indicates function-specific error which can happen during runtime.  ",
        "_comment_c": "   These ErrorIDs are classified into following categories or range: ",
        "_comment_d": "     ErrorID    |    Range    | Description",
        "_comment_e": " :-------------:|:-----------:|------------------------------------------------- ",
        "_comment_f": "         Syntax |     [1]     | wrong format ",
        "_comment_g": "        Unknown |     [2]     | not defined ",
        "_comment_h": " Initialization |     [3]     | Initialization failed",
        "_comment_i": "        Timeout |     [4]     | No answer reveived, timeout occcurred",
        "_comment_j": "      Protected |     [5]     | Element or Component is locked and not accessible",
        "_comment_k": "           Busy |     [6]     | currently busy, cannot be executed",
        "_comment_l": "    Max Reached |     [7]     | maximum value is reached",
        "_comment_m": "        Invalid |  [10...19]  | Not allow, not permitted",
        "_comment_n": "        Already |  [20...29]  | already specified",
        "_comment_o": "Buffer Overflow |  [30...39]  | Out Of Memory, stack overflow",
        "_comment_p": "   Out of Range |  [40...49]  | Something is out of range",
        "_comment_q": "  Action failed |  [50...59]  | Requested action failed to process",
        "_comment_r": "  Not available |  [60...69]  | Component or module is off resp. deactivated",
        "_comment_s": "Writing\reading |  [70...79]  | Error occurred while writing\reading to\from",
        "_comment_t": "Free selectable |    > 100    | Dependend on application, specific error ID",
        "_comment_u": " --------------------------------------------------------------------------------",
        "_comment_v": " ################################################################################"
    },
    "errors": {
        "PI_ERROR_NO_ERROR": {
            "module": "Zero",
            "class": "Debug",
            "id": 0,
            "description": "No error "
        },
        "PI_ERROR_MACRO_RUNNING": {
            "module": "Macro",
            "class": "Info",
            "id": 6,
            "description": "Controller is (already) running a macro. "
        },
        "PI_ERROR_MACRO_ALREADY_DEFINED": {
            "module": "Macro",
            "class": "Info",
            "id": 20,
            "description": "Macro already defined. "
        },
        "PI_ERROR_CMD_SYNTAX": {
            "module": "Command",
            "class": "Config",
            "id": 1,
            "description": "Parameter syntax error "
        },
        "PI_ERROR_CMD_UNKNOWN": {
            "module": "Command",
            "class": "Config",
            "id": 2,
            "description": "Unknown command "
        },
        "PI_ERROR_CMD_UCL_INVALID_PWD": {
            "module": "Command",
            "class": "Config",
            "id": 10,
            "description": "Invalid password "
        },
        "PI_ERROR_CMD_NOT_ACCESSIBLE": {
            "module": "Command",
            "class": "Config",
            "id": 11,
            "description": "Command not accessible. "
        },
        "PI_ERROR_MACRO_INVALID_NAME": {
            "module": "Macro",
            "class": "Config",
            "id": 10,
            "description": "Invalid macro name "
        },
        "PI_ERROR_MACRO_INVALID_OPERATOR": {
            "module": "Macro",
            "class": "Config",
            "id": 11,
            "description": "Invalid or missing operator for condition. Check necessary spaces around operator. "
        },
        "PI_ERROR_MACRO_OUT_OF_RANGE": {
            "module": "Macro",
            "class": "Config",
            "id": 40,
            "description": "Too many nested macros "
        },
        "PI_ERROR_MACRO_NO_RECORDING": {
            "module": "Macro",
            "class": "Config",
            "id": 60,
            "description": "Macro recording not activated "
        },
        "PI_ERROR_MACRO_NO_ANSWER": {
            "module": "Macro",
            "class": "Warning",
            "id": 4,
            "description": "No answer was received while executing WAC/MEX/JRC"
        },
        "PI_ERROR_MACRO_DELETE_ERROR": {
            "module": "Macro",
            "class": "Warning",
            "id": 50,
            "description": "Deleting macro failed. "
        },
        "PI_ERROR_MACRO_OUT_OF_MEMORY": {
            "module": "Macro",
            "class": "Critical",
            "id": 30,
            "description": "Insufficient space to store macro. "
        },
        "PI_ERROR_PARAM_NOT_DEFINED": {
            "module": "Parameter",
            "class": "Info",
            "id": 2,
            "description": "Unknown parameter "
        },
        "PI_ERROR_PARAM_READ_ONLY": {
            "module": "Parameter",
            "class": "Info",
            "id": 10,
            "description": "Parameter is read-only "
        },
        "PI_ERROR_MOTION_REF_MODE_IS_ON": {
            "module": "Motion",
            "class": "Info",
            "id": 11,
            "description": "Move without referenced stage  "
        },
        "PI_ERROR_MOTION_POS_BASED_ON_ESTIMATION": {
            "module": "Motion",
            "class": "Info",
            "id": 100,
            "description": "While MOV! is running position can only be estimated  "
        },
        "PI_ERROR_MOTION_POS_BASED_ON_INTERPOLATION": {
            "module": "Motion",
            "class": "Info",
            "id": 101,
            "description": "Position was calculated during MOV motion  "
        },
        "PI_ERROR_PARAM_WRONG_TYPE": {
            "module": "Parameter",
            "class": "Config",
            "id": 1,
            "description": "Type not supported "
        },
        "PI_ERROR_PARAM_PROTECTION": {
            "module": "Parameter",
            "class": "Config",
            "id": 5,
            "description": "current Command Level (CCL) too low "
        },
        "PI_ERROR_PARAM_INVALID_SERVO_STATE": {
            "module": "Parameter",
            "class": "Config",
            "id": 10,
            "description": "This parameter cannot be changed in current servo mode "
        },
        "PI_ERROR_PARAM_NOT_ACCESSIBLE": {
            "module": "Parameter",
            "class": "Config",
            "id": 11,
            "description": "Parameter not accessible "
        },
        "PI_ERROR_PARAM_INVALID_VALUE": {
            "module": "Parameter",
            "class": "Config",
            "id": 12,
            "description": "Parameter value not in valid values list "
        },
        "PI_ERROR_MOTION_CMD_NOT_ALLOWED": {
            "module": "Motion",
            "class": "Config",
            "id": 12,
            "description": "Command not allowed in current motion mode "
        },
        "PI_ERROR_MOTION_INVALID_MODE_OF_OPERATION": {
            "module": "Motion",
            "class": "Config",
            "id": 13,
            "description": "Invalid mode of operation  "
        },
        "PI_ERROR_MOTION_AXIS_NOT_CONFIGURED": {
            "module": "Motion",
            "class": "Config",
            "id": 14,
            "description": "Axis must be configured for this action  "
        },
        "PI_ERROR_MOTION_SMO_WITH_SERVO_ON": {
            "module": "Motion",
            "class": "Config",
            "id": 15,
            "description": "SMO with servo on  "
        },
        "PI_ERROR_MOTION_DYNAMIC_MOVE_IN_PROCESS": {
            "module": "Motion",
            "class": "Config",
            "id": 16,
            "description": "Command is not allowed while the affected axis is in motion  "
        },
        "PI_ERROR_MOTION_OPEN_LOOP_SET_WHEN_SERVO_ON": {
            "module": "Motion",
            "class": "Config",
            "id": 17,
            "description": "Open-loop motion attempted when servo ON  "
        },
        "PI_ERROR_PARAM_OUT_OF_RANGE": {
            "module": "Parameter",
            "class": "Config",
            "id": 40,
            "description": "Attempt to set a parameter to a value outside its range "
        },
        "PI_ERROR_PARAM_INDEX_OUT_OF_RANGE": {
            "module": "Parameter",
            "class": "Config",
            "id": 41,
            "description": "Parameter element index is greater than the parameter element number "
        },
        "PI_ERROR_MOTION_POS_OUT_OF_LIMITS": {
            "module": "Motion",
            "class": "Config",
            "id": 42,
            "description": "Position out of limits "
        },
        "PI_ERROR_MOTION_VEL_OUT_OF_LIMITS": {
            "module": "Motion",
            "class": "Config",
            "id": 43,
            "description": "Velocity out of limits "
        },
        "PI_ERROR_MOTION_MOTOR_IS_OFF": {
            "module": "Motion",
            "class": "Config",
            "id": 60,
            "description": "Motor is off  "
        },
        "PI_ERROR_MOTION_SERVO_IS_OFF": {
            "module": "Motion",
            "class": "Config",
            "id": 61,
            "description": "Servo is off  "
        },
        "PI_ERROR_MOTION_AXIS_HAS_NO_BRAKE": {
            "module": "Motion",
            "class": "Config",
            "id": 62,
            "description": "Axis has no brake  "
        },
        "PI_ERROR_MOTION_REF_WITH_REF_DISABLED": {
            "module": "Motion",
            "class": "Config",
            "id": 63,
            "description": "Attempt to reference axis with referencing disabled  "
        },
        "PI_ERROR_MOTION_AXIS_HAS_NO_REFERENCE": {
            "module": "Motion",
            "class": "Config",
            "id": 64,
            "description": "Axis has no reference sensor  "
        },
        "PI_ERROR_MOTION_MAX_MOTOR_OUTPUT_REACHED": {
            "module": "Motion",
            "class": "Warning",
            "id": 7,
            "description": "Maximum motor output reached  "
        },
        "PI_ERROR_MOTION_POSITION_ERROR_TOO_HIGH": {
            "module": "Motion",
            "class": "Warning",
            "id": 100,
            "description": "Position error of any axis in the system is too high  "
        },
        "PI_ERROR_MOTION_SERVO_LOOP_UNSTABLE": {
            "module": "Motion",
            "class": "Warning",
            "id": 102,
            "description": "Servo loop was unstable due to wrong parameter setting and switched off to avoid damage.  "
        },
        "PI_ERROR_MOTION_ON_LIMIT_SWITCH": {
            "module": "Motion",
            "class": "Warning",
            "id": 103,
            "description": "The connected stage has driven into a limit switch, some controllers need CLR to resume operation  "
        },
        "PI_ERROR_MOTION_INTERPOLATION_FIFO_OVERFLOW": {
            "module": "Motion",
            "class": "Critical",
            "id": 30,
            "description": "FIFO buffer overflow during interpolation  "
        },
        "PI_ERROR_MOTION_REFERENCING_FAILED": {
            "module": "Motion",
            "class": "Critical",
            "id": 50,
            "description": "Referencing failed  "
        },
        "PI_ERROR_MOTION_POSITION_UNKNOWN": {
            "module": "Motion",
            "class": "Critical",
            "id": 51,
            "description": "Position calculations failed  "
        },
        "PI_ERROR_MOTION_COLLISION": {
            "module": "Motion",
            "class": "Critical",
            "id": 100,
            "description": "Move not possible, would cause collision  "
        },
        "PI_ERROR_MOTION_MOVE_TO_LIMIT_SWITCH_FAILED": {
            "module": "Motion",
            "class": "Critical",
            "id": 101,
            "description": "Move to limit switch failed  "
        },
        "PI_ERROR_MOTION_INTERPOLATION_FIFO_UNDERRUN": {
            "module": "Motion",
            "class": "Critical",
            "id": 102,
            "description": "FIFO buffer underrun during interpolation "
        },
        "PI_ERROR_MOTION_FATAL_ERROR": {
            "module": "Motion",
            "class": "Emergency",
            "id": 100,
            "description": "Motion error: position error too large, servo is switched off automatically "
        },
        "PI_ERROR_RECORDER_NO_TRACES_CONFIGURED": {
            "module": "DataRecorder",
            "class": "Config",
            "id": 2,
            "description": "No traces were configured  "
        },
        "PI_ERROR_RECORDER_ALREADY_REGISTERED": {
            "module": "DataRecorder",
            "class": "Info",
            "id": 20,
            "description": "The given data recorder has already been registered "
        },
        "PI_ERROR_RECORDER_TRACE_ALREADY_UNSET": {
            "module": "DataRecorder",
            "class": "Info",
            "id": 21,
            "description": "Trying to unset an already unset data recorder trace"
        },
        "PI_ERROR_RECORDER_NOT_ENOUGH_RECORDED_DATA": {
            "module": "DataRecorder",
            "class": "Info",
            "id": 100,
            "description": "Data Record Table does not hold enough recorded data "
        },
        "PI_ERROR_RECORDER_CONFIGURING_WHILE_RUNNING": {
            "module": "DataRecorder",
            "class": "Config",
            "id": 6,
            "description": "Trying to make changes to the data recorder configuration while a data recorder is still running "
        },
        "PI_ERROR_RECORDER_STOP_WHILE_CONFIGURING": {
            "module": "DataRecorder",
            "class": "Config",
            "id": 7,
            "description": "Trying to stop to the data recorder while configuring "
        },
        "PI_ERROR_RECORDER_MAX_DATA_RECORDER_NUMBER_REACHED": {
            "module": "DataRecorder",
            "class": "Critical",
            "id": 7,
            "description": "The max number of storable data recorder has been reached  "
        },
        "PI_ERROR_RECORDER_PI_ERROR_INVALID_SRC_OPT": {
            "module": "DataRecorder",
            "class": "Config",
            "id": 10,
            "description": "Source does not exist; number too low or too high  "
        },
        "PI_ERROR_RECORDER_INVALID_SRC_CHAN": {
            "module": "DataRecorder",
            "class": "Config",
            "id": 11,
            "description": "Source Record Table number too low or too high  "
        },
        "PI_ERROR_RECORDER_CONFIGURING_WHILE_WAITING_TRG": {
            "module": "DataRecorder",
            "class": "Config",
            "id": 121,
            "description": "Trying to make changes to the data recorder while a data recorder is waiting for trigger  "
        },
        "PI_ERROR_RECORDER_TRACE_INDEX_OUT_OF_RANGE": {
            "module": "DataRecorder",
            "class": "Config",
            "id": 40,
            "description": "The given DataRecorder trace index is greater than the max number of DataRecorder inputs "
        },
        "PI_ERROR_RECORDER_NOT_FOUND": {
            "module": "DataRecorder",
            "class": "Config",
            "id": 60,
            "description": "The given DataRecorder has not been registered   "
        },
        "PI_ERROR_RECORDER_INVALID_JUMP": {
            "module": "DataRecorder",
            "class": "Warning",
            "id": 12,
            "description": "No step-response values recorded  "
        },
        "PI_ERROR_RECORDER_INVALID_MCM": {
            "module": "DataRecorder",
            "class": "Warning",
            "id": 13,
            "description": "No MCM values recorded  "
        },
        "PI_ERROR_RECORDER_NO_REP_RECORDED": {
            "module": "DataRecorder",
            "class": "Critical",
            "id": 100,
            "description": "No commands were recorded with REP  "
        },
        "PI_ERROR_SENSOR_COLLISION_SWITCH_ACTIVATED": {
            "module": "Sensor",
            "class": "Info",
            "id": 100,
            "description": "Hardware collision sensor(s) are activated  "
        },
        "PI_ERROR_SENSOR_SIGNAL_INVALID": {
            "module": "Sensor",
            "class": "Config",
            "id": 10,
            "description": "One sensor signal is not valid  "
        },
        "PI_ERROR_SENSOR_AUTOZERO_DISABLED": {
            "module": "Sensor",
            "class": "Config",
            "id": 60,
            "description": "No sensor channel or no piezo channel connected to selected axis (sensor and piezo matrix)  "
        },
        "PI_ERROR_SENSOR_ABS_OVERFLOW": {
            "module": "Sensor",
            "class": "Warning",
            "id": 30,
            "description": "Overflow of absolute sensor position  "
        },
        "PI_ERROR_SENSOR_ABS_WRITE_ERROR": {
            "module": "Sensor",
            "class": "Warning",
            "id": 70,
            "description": "Error while writing to sensor   "
        },
        "PI_ERROR_SENSOR_ABS_READ_ERROR": {
            "module": "Sensor",
            "class": "Warning",
            "id": 71,
            "description": "Error while reading from sensor  "
        },
        "PI_ERROR_SENSOR_ABS_ERROR": {
            "module": "Sensor",
            "class": "Warning",
            "id": 100,
            "description": "General error of absolute sensor  "
        },
        "PI_ERROR_SENSOR_HW_TEMPERATURE_ERROR": {
            "module": "Sensor",
            "class": "Warning",
            "id": 101,
            "description": "Hardware temperature out of range "
        },
        "PI_ERROR_SENSOR_ABS_CRC_ERROR": {
            "module": "Sensor",
            "class": "Critical",
            "id": 100,
            "description": "Checksum error of absolute sensor "
        },
        "PI_ERROR_SENSOR_HW_VOLTAGE_ERROR": {
            "module": "Sensor",
            "class": "Critical",
            "id": 101,
            "description": "Hardware voltage error  "
        },
        "PI_ERROR_SYS_CONTROLLER_BUSY": {
            "module": "System",
            "class": "Info",
            "id": 6,
            "description": "Controller is busy with some lengthy operation (e.g. reference move, fast scan algorithm) "
        },
        "PI_ERROR_SYS_CONNECTION_INPUT_NOT_SET": {
            "module": "System",
            "class": "Info",
            "id": 10,
            "description": "The connection has no input  "
        },
        "PI_ERROR_SYS_CONNECTION_OUTPUT_NOT_SET": {
            "module": "System",
            "class": "Info",
            "id": 11,
            "description": "The connection has no output  "
        },
        "PI_ERROR_SYS_ALREADY_HAS_SERIAL_NUMBER": {
            "module": "System",
            "class": "Info",
            "id": 20,
            "description": "Controller already has a serial number  "
        },
        "PI_ERROR_SYS_INPUT_PORT_ALREADY_CONNECTED": {
            "module": "System",
            "class": "Info",
            "id": 21,
            "description": "The given input has already been registered in another connection  "
        },
        "PI_ERROR_SYS_UNIT_ALREADY_REGISTERED": {
            "module": "System",
            "class": "Info",
            "id": 22,
            "description": "The given unit has already been registered to the broker"
        },
        "PI_ERROR_COM_NO_DIGITAL_INPUT": {
            "module": "Com",
            "class": "Info",
            "id": 60,
            "description": "No digital input installed  "
        },
        "PI_ERROR_COM_NO_DIGITAL_OUTPUT": {
            "module": "Com",
            "class": "Info",
            "id": 61,
            "description": "No digital output configured  "
        },
        "PI_ERROR_SYS_FILE_NOT_FOUND": {
            "module": "System",
            "class": "Info",
            "id": 62,
            "description": "File not found on controller "
        },
        "PI_ERROR_SYS_LOG_ITEM_NOT_FOUND": {
            "module": "System",
            "class": "Info",
            "id": 63,
            "description": "Log-Item not found in the buffer "
        },
        "PI_ERROR_SYS_CONNECTION_NOT_FOUND": {
            "module": "System",
            "class": "Info",
            "id": 64,
            "description": "The sought connection is not registered "
        },
        "PI_ERROR_COM_FIRMWARE_STOPPED_BY_CMD": {
            "module": "Com",
            "class": "Info",
            "id": 100,
            "description": "Firmware stopped by command (#27) "
        },
        "PI_ERROR_COM_TOO_MANY_TCP_CONNECTIONS_OPEN": {
            "module": "Com",
            "class": "Info",
            "id": 101,
            "description": "There are too many open tcpip connections  "
        },
        "PI_ERROR_COM_SOCKET_UNKNOWN_PROTOCOL": {
            "module": "Com",
            "class": "Warning",
            "id": 2,
            "description": "Unknown protocol Socket  "
        },
        "PI_ERROR_COM_HW_VERSION_ERROR": {
            "module": "Com",
            "class": "Warning",
            "id": 10,
            "description": "HW version missing/invalid  "
        },
        "PI_ERROR_COM_FW_VERSION_ERROR": {
            "module": "Com",
            "class": "Warning",
            "id": 11,
            "description": "FW version missing/invalid  "
        },
        "PI_ERROR_SYS_INIT_RUNNING": {
            "module": "System",
            "class": "Info",
            "id": 102,
            "description": "Initialization still in progress  "
        },
        "PI_ERROR_SYS_WRONG_UNIT_TYPE": {
            "module": "System",
            "class": "Config",
            "id": 1,
            "description": "Wrong unit type required  "
        },
        "PI_ERROR_SYS_CONNECTION_BAD_OUTPUT": {
            "module": "System",
            "class": "Config",
            "id": 12,
            "description": "Wrong arguments when setting a connection output  "
        },
        "PI_ERROR_SYS_CONNECTION_BAD_INPUT": {
            "module": "System",
            "class": "Config",
            "id": 13,
            "description": "Wrong arguments when setting a connection input  "
        },
        "PI_ERROR_SYS_ILLEGAL_FILENAME": {
            "module": "System",
            "class": "Config",
            "id": 14,
            "description": "Illegal file name (must be 8-0 format)  "
        },
        "PI_ERROR_SYS_CONNECTION_NOT_ACCESSIBLE": {
            "module": "System",
            "class": "Config",
            "id": 15,
            "description": "Attempt to access a connection with a wrong function or wrong access rights  "
        },
        "PI_ERROR_SYS_BAD_UNIT_ID": {
            "module": "System",
            "class": "Config",
            "id": 16,
            "description": "Wrong Unit ID format given  "
        },
        "PI_ERROR_SYS_INPUT_PORT_NOT_CONNECTED": {
            "module": "System",
            "class": "Config",
            "id": 17,
            "description": "Attempt to access some output port property from a not connected input  "
        },
        "PI_ERROR_SYS_BAD_DEVICE_ID": {
            "module": "System",
            "class": "Config",
            "id": 18,
            "description": "Wrong Device ID"
        },
        "PI_ERROR_SYS_BAD_FUNCTION_ID": {
            "module": "System",
            "class": "Config",
            "id": 19,
            "description": "Wrong Function ID"
        },
        "PI_ERROR_SYS_BAD_PROXY_ID": {
            "module": "System",
            "class": "Config",
            "id": 20,
            "description": "Wrong Proxy ID"
        },
        "PI_ERROR_SYS_CONNECTION_INDEX_OUT_OF_LIMITS": {
            "module": "System",
            "class": "Config",
            "id": 40,
            "description": "Connection output index is greater than the connection outputs number  "
        },
        "PI_ERROR_SYS_UNIT_NOT_FOUND": {
            "module": "System",
            "class": "Config",
            "id": 60,
            "description": "The required unit could not be found  "
        },
        "PI_ERROR_SYS_MAX_CONNECTION_NUMBER_REACHED": {
            "module": "System",
            "class": "Warning",
            "id": 7,
            "description": "The max number of storable connection has been reached  "
        },
        "PI_ERROR_SYS_SAVE_CFG_FAILED": {
            "module": "System",
            "class": "Warning",
            "id": 50,
            "description": "Save system configuration failed  "
        },
        "PI_ERROR_SYS_LOAD_CFG_FAILED": {
            "module": "System",
            "class": "Warning",
            "id": 51,
            "description": "Load system configuration failed  "
        },
        "PI_ERROR_SYS_FILE_WRITE_ERROR": {
            "module": "System",
            "class": "Warning",
            "id": 70,
            "description": "Error writing file on controller  "
        },
        "PI_ERROR_SYS_EEPROM_ERROR": {
            "module": "System",
            "class": "Warning",
            "id": 100,
            "description": "Error while reading/writing EEPROM "
        },
        "PI_ERROR_COM_I2C_ERROR": {
            "module": "Com",
            "class": "Warning",
            "id": 103,
            "description": "Error on I2C bus  "
        },
        "PI_ERROR_COM_COMMUNICATION_BUSY": {
            "module": "Com",
            "class": "Warning",
            "id": 6,
            "description": "The communication channel is busy"
        },
        "PI_ERROR_COM_COMMUNICATION_ERROR": {
            "module": "Com",
            "class": "Warning",
            "id": 104,
            "description": "Controller detected communication error  "
        },
        "PI_ERROR_SYS_INCORRECT_UNIT_INITIALIZATION": {
            "module": "System",
            "class": "Critical",
            "id": 3,
            "description": "Error while intializing the unit or trying to access a not correctly initialized unit  "
        },
        "PI_ERROR_COM_TIMEOUT": {
            "module": "Com",
            "class": "Critical",
            "id": 4,
            "description": "Timeout"
        },
        "PI_ERROR_COM_HW_MATCHCODE_ERROR": {
            "module": "Com",
            "class": "Critical",
            "id": 10,
            "description": "HW match code missing/invalid  "
        },
        "PI_ERROR_COM_FW_MATCHCODE_ERROR": {
            "module": "Com",
            "class": "Critical",
            "id": 11,
            "description": "FW match code missing/invalid  "
        },
        "PI_ERROR_COM_INVALID_SOCKET": {
            "module": "Com",
            "class": "Critical",
            "id": 12,
            "description": "Invalid Socket  "
        },
        "PI_ERROR_COM_RECEIVING_BUFFER_OVERFLOW": {
            "module": "Com",
            "class": "Critical",
            "id": 30,
            "description": "Received command is too long  "
        },
        "PI_ERROR_SYS_NOT_ENOUGH_MEMORY": {
            "module": "System",
            "class": "Critical",
            "id": 31,
            "description": "Not enough memory  "
        },
        "PI_ERROR_SYS_BUFFER_EMPTY": {
            "module": "System",
            "class": "Critical",
            "id": 32,
            "description": "Buffer is empty"
        },
        "PI_ERROR_COM_SENDING_BUFFER_OVERFLOW": {
            "module": "Com",
            "class": "Critical",
            "id": 32,
            "description": "Received command is too long  "
        },
        "PI_ERROR_COM_FW_UPDATE_ERROR": {
            "module": "Com",
            "class": "Critical",
            "id": 50,
            "description": "FW update failed  "
        },
        "PI_ERROR_SYS_FLASH_PROGRAM_FAILED": {
            "module": "System",
            "class": "Critical",
            "id": 51,
            "description": "Flash program failed  "
        },
        "PI_ERROR_SYS_FLASH_READ_FAILED": {
            "module": "System",
            "class": "Critical",
            "id": 52,
            "description": "Flash read failed  "
        },
        "PI_ERROR_SYS_SECTOR_ERASE_FAILED": {
            "module": "System",
            "class": "Critical",
            "id": 53,
            "description": "Sector erase failed  "
        },
        "PI_ERROR_SYS_FLASH_HEADER_DEFECT": {
            "module": "System",
            "class": "Critical",
            "id": 54,
            "description": "Flash header defect  "
        },
        "PI_ERROR_SYS_DEVICE_REGISTRATION_ERROR": {
            "module": "System",
            "class": "Critical",
            "id": 55,
            "description": "Error while registering a device in the bus gateway"
        },
        "PI_ERROR_SYS_PROXY_REGISTRATION_ERROR": {
            "module": "System",
            "class": "Critical",
            "id": 56,
            "description": "Error while registering a proxy in the bus gateway"
        },
        "PI_ERROR_SYS_INTERFACE_REGISTRATION_ERROR": {
            "module": "System",
            "class": "Critical",
            "id": 57,
            "description": "Error while registering an interface in the bus gateway"
        },
        "PI_ERROR_SYS_NO_BIOS_FOUND": {
            "module": "System",
            "class": "Critical",
            "id": 60,
            "description": "No bios found  "
        },
        "PI_ERROR_SYS_UMF_BUS_COMMUNICATION_ERROR": {
            "module": "System",
            "class": "Critical",
            "id": 70,
            "description": "Data transfer between two UMF Gateways was not successful"
        },
        "PI_ERROR_COM_CRC32_ERROR": {
            "module": "Com",
            "class": "Critical",
            "id": 100,
            "description": "CRC32 error  "
        },
        "PI_ERROR_SYS_RAM_ERROR": {
            "module": "System",
            "class": "Critical",
            "id": 101,
            "description": "Hardware error affecting RAM "
        },
        "PI_ERROR_SYS_HARDWARE_ERROR": {
            "module": "System",
            "class": "Critical",
            "id": 102,
            "description": "Internal hardware error  "
        },
        "PI_ERROR_SYS_FATAL_ERROR": {
            "module": "System",
            "class": "Critical",
            "id": 103,
            "description": "Fatal system error occurred  "
        },
        "PI_ERROR_SYS_FW_CRC_FW_ERROR": {
            "module": "System",
            "class": "Critical",
            "id": 104,
            "description": "FW CRC wrong  "
        },
        "PI_ERROR_SYS_STRING_TO_NUMBER": {
            "module": "System",
            "class": "Critical",
            "id": 105,
            "description": "Error while converting a string to a number"
        },
        "PI_ERROR_SYS_NUMBER_TO_STRING": {
            "module": "System",
            "class": "Critical",
            "id": 106,
            "description": "Error while converting a number to a string"
        }
    }
}